{"0":{"pos":[0.1484375,0.18036529680365296],"group":[0],"neighbors":[12,1]},"1":{"pos":[0.1390625,0.3447488584474886],"group":[0],"neighbors":[0,2,20],"starting":true},"2":{"pos":[0.1359375,0.502283105022831],"group":[0,1],"neighbors":[1,20,3,21]},"3":{"pos":[0.134375,0.6598173515981736],"group":[0,1],"neighbors":[2,21,4]},"4":{"pos":[0.165625,0.817351598173516],"group":[0,5],"neighbors":[3,5]},"5":{"pos":[0.30625,0.8493150684931506],"group":[5],"neighbors":[4,6]},"6":{"pos":[0.4265625,0.8447488584474886],"group":[5],"neighbors":[5,23,7],"starting":true},"7":{"pos":[0.59375,0.8401826484018264],"group":[5,6],"neighbors":[8,6]},"8":{"pos":[0.6890625,0.7397260273972602],"group":[6],"neighbors":[9,7,30,31]},"9":{"pos":[0.7453125,0.591324200913242],"group":[6],"neighbors":[10,8,29]},"10":{"pos":[0.6625,0.502283105022831],"group":[4,6],"neighbors":[11,9,25,29]},"11":{"pos":[0.7546875,0.4132420091324201],"group":[3,6],"neighbors":[32,10,28,29]},"12":{"pos":[0.2609375,0.1598173515981735],"group":[2,3],"neighbors":[0,17,13]},"13":{"pos":[0.38125,0.1506849315068493],"group":[2,3],"neighbors":[12,14]},"14":{"pos":[0.4859375,0.1552511415525114],"group":[3],"neighbors":[13,18,19,15],"starting":true},"15":{"pos":[0.5859375,0.18493150684931506],"group":[3],"neighbors":[14,32]},"16":{"pos":[0.7015625,0.16666666666666666],"group":[2,3,7],"neighbors":[19,27]},"17":{"pos":[0.3234375,0.3424657534246575],"group":[2],"neighbors":[20,12,18]},"18":{"pos":[0.4234375,0.3401826484018265],"group":[2],"neighbors":[17,14,19]},"19":{"pos":[0.525,0.3607305936073059],"group":[2,3,4],"neighbors":[18,14,16,25]},"20":{"pos":[0.284375,0.4748858447488584],"group":[0,1,2],"neighbors":[1,2,21,17]},"21":{"pos":[0.2296875,0.5981735159817352],"group":[0,1],"neighbors":[3,2,22,20]},"22":{"pos":[0.325,0.632420091324201],"group":[1,5],"neighbors":[23,21]},"23":{"pos":[0.421875,0.6757990867579908],"group":[4,5],"neighbors":[6,22,24,26]},"24":{"pos":[0.51875,0.636986301369863],"group":[4,5],"neighbors":[23,25,26]},"25":{"pos":[0.54375,0.5],"group":[4],"neighbors":[24,10,19,26]},"26":{"pos":[0.425,0.5045662100456622],"group":[1,2,4],"neighbors":[25,24,23]},"27":{"pos":[0.859375,0.182648401826484],"group":[7],"neighbors":[28,16]},"28":{"pos":[0.88125,0.3401826484018265],"group":[7],"neighbors":[29,27,11]},"29":{"pos":[0.8765625,0.5091324200913242],"group":[7],"neighbors":[30,28,11,9,10]},"30":{"pos":[0.884375,0.680365296803653],"group":[7],"neighbors":[31,29,8],"starting":true},"31":{"pos":[0.86875,0.8310502283105022],"group":[7],"neighbors":[30,8]},"32":{"pos":[0.6625,0.3401826484018265],"group":[3],"neighbors":[15,11]},"nodeCount":33}